SECCC,Auburn University
SECCC,University of Alabama
SECCC,University of Alabama-Huntsville
SWCCC,Arizona State University-Tempe
SWCCC,Embry Riddle Aeronautical University-Prescott
SWCCC,Northern Arizona University
SWCCC,University of Arizona
WCCC,Butte College
WCCC,California Institute of Technology
WCCC,California Lutheran University
WCCC,California Polytechnic-San Luis Obispo
WCCC,California State University-Channel Islands
WCCC,California State University-Chico
WCCC,California State University-Los Angeles
WCCC,California State University-Sacramento
WCCC,California State University-San Marcos
WCCC,Chapman University
WCCC,Claremont Colleges Consortium
WCCC,Cuesta College
WCCC,Humboldt State University
WCCC,Irell and Manella Graduate School of Biological Sciences
WCCC,Long Beach State University
WCCC,Naval Postgraduate School
WCCC,San Diego State University
WCCC,Santa Barbara City College
WCCC,Sonoma State University
WCCC,University of California-Berkeley
WCCC,University of California-Davis
WCCC,University of California-Irvine
WCCC,University of California-Los Angeles
WCCC,University of California-Riverside
WCCC,University of California-San Diego
WCCC,University of California-San Francisco
WCCC,University of California-Santa Barbara
WCCC,University of California-Santa Cruz
WCCC,University of Southern California
WCCC,Ventura College
RMCCC,Colorado College
RMCCC,Colorado School of Mines
RMCCC,Colorado State University
RMCCC,Fort Lewis College
RMCCC,Mesa State College
RMCCC,Metro State College-Denver
RMCCC,Red Rocks Community College
RMCCC,Regis University
RMCCC,University of Colorado-Boulder
RMCCC,University of Colorado-Colorado Springs
RMCCC,University of Colorado-Denver
RMCCC,University of Denver
RMCCC,University of Northern Colorado
RMCCC,US Air Force Academy
RMCCC,Western State College of Colorado
ECCC,Connecticut College
ECCC,Fairfield University
ECCC,University of Connecticut
ECCC,Wesleyan University
ECCC,Yale University
ACCC,American University
ACCC,George Washington University
ACCC,Georgetown University
ECCC,University of Delaware
SECCC,Embry Riddle Aeronautical University-Daytona Beach
SECCC,Florida State University
SECCC,Nova Southeastern University
SECCC,St Johns River Community College
SECCC,University of Central Florida
SECCC,University of Florida
SECCC,University of South Florida
SECCC,Atlanta Christian College
SECCC,Dalton State College
SECCC,Emory University
SECCC,Georgia Institute of Technology
SECCC,Georgia Southern University
SECCC,Georgia State University
SECCC,Kennesaw State University
SECCC,Mercer University
SECCC,North Georgia College & State University
SECCC,Savannah College of Art & Design
SECCC,Shorter University
SECCC,University of Georgia
SECCC,Valdosta State University
NCCCC,Cornell College
NCCCC,Iowa State University
NCCCC,University of Iowa
NCCCC,University of Northern Iowa
NWCCC,Boise State University
NWCCC,College of Idaho
NWCCC,University of Idaho
MWCCC,DePaul University
MWCCC,Illinois Institute of Technology
MWCCC,Illinois State University
MWCCC,Northwestern University
MWCCC,Southern Illinois University-Carbondale
MWCCC,University of Chicago
MWCCC,University of Illinois at Urbana-Champaign
MWCCC,University of ILlinois-Chicago
MWCCC,Ball State University
MWCCC,Butler University
MWCCC,DePauw University
MWCCC,Indiana State University
MWCCC,Indiana University-Bloomington
MWCCC,Indiana University-Purdue University-Indianapolis
MWCCC,Marian University
MWCCC,Purdue University
MWCCC,Rose-Hulman Institute of Technology
MWCCC,Taylor University
MWCCC,University of Notre Dame
MWCCC,Wabash College
NCCCC,Emporia State University
NCCCC,Kansas State University
NCCCC,Pittsburg State University
NCCCC,University of Kansas
MWCCC,Asbury University
MWCCC,Lindsey Wilson College
MWCCC,Murray State University
MWCCC,Northern Kentucky University
MWCCC,Union College-KY
MWCCC,University of Kentucky
SCCCC,Centenary College of Louisiana
SCCCC,Louisiana State University
SCCCC,Tulane University
ECCC,Babson College
ECCC,Boston College
ECCC,Boston University
ECCC,Hampshire College
ECCC,Harvard University
ECCC,Massachusetts Institute of Technology
ECCC,New England Conservatory
ECCC,Northeastern University
ECCC,Smith College
ECCC,Tufts University
ECCC,University of Massachusetts Medical School Worcester
ECCC,University of Massachusetts-Amherst
ECCC,University of Massachusetts-Lowell
ECCC,Wentworth Institute of Technology
ECCC,Williams College
ECCC,Worcester Polytechnic Institute
ACCC,Baltimore College of Dentistry
ACCC,Johns Hopkins University
ACCC,Loyola University-Maryland
ACCC,University of Maryland-Baltimore County
ACCC,University of Maryland-College Park
ACCC,US Naval Academy
ECCC,Bowdoin College
ECCC,Colby College
ECCC,Maine College of Art
ECCC,University of Maine-Orono
MWCCC,Central Michigan University
MWCCC,Grand Valley State University
MWCCC,Michigan State University
MWCCC,Michigan Technological University
MWCCC,Northern Michigan University
MWCCC,Oakland University
MWCCC,University of Michigan-Ann Arbor
MWCCC,Wayne State University
MWCCC,Western Michigan University
NCCCC,Carleton College
NCCCC,College of St Scholastica
NCCCC,Minnesota State University-Mankato
NCCCC,Northwestern Health Sciences University
NCCCC,Saint Cloud State University
NCCCC,Saint Olaf College
NCCCC,University of Minnesota-Duluth
NCCCC,University of Minnesota-Twin Cities
NCCCC,University of St Thomas
MWCCC,Concordia Seminary
MWCCC,Lindenwood University
MWCCC,Missouri University of Science and Technology
MWCCC,Saint Louis University
MWCCC,Southeast Missouri State University
MWCCC,University of Missouri-Columbia
MWCCC,Washington University-St. Louis
MWCCC,William Jewell College
NWCCC,Montana State University-Bozeman
NWCCC,University of Montana
ACCC,Appalachian State University
ACCC,Brevard College
ACCC,Campbell University
ACCC,Duke University
ACCC,Elon University
ACCC,Lees-McRae College
ACCC,Mars Hill College
ACCC,North Carolina State University-Rleigh
ACCC,Pfeiffer University
ACCC,University of North Carolina-Asheville
ACCC,University of North Carolina-Chapel Hill
ACCC,University of North Carolina-Wilmington
ACCC,Wake Forest University
ACCC,Warren Wilson College
ACCC,Western Carolina University
NCCCC,University of North Dakota
NCCCC,Creighton University
NCCCC,University of Nebraska-LIncoln
ECCC,Dartmouth College
ECCC,University of New Hampshire
ECCC,Princeton University
ECCC,Ramapo College of New Jersey
ECCC,Rutgers University
ECCC,Seton Hall University
ECCC,Stevens Institute of Technology
SWCCC,New Mexico State University
SWCCC,University of New Mexico
IMCCC,University of Nevada-Las Vegas
IMCCC,University of Nevada-Reno
ECCC,Bard College
ECCC,Bard High School Early College
ECCC,Clarkson University
ECCC,Colgate University
ECCC,Columbia University-NYC
ECCC,Cornell University
ECCC,Hamilton College
ECCC,Hobart William Smith Colleges
ECCC,New York University
ECCC,Rensselaer Polytechnic Institute
ECCC,Rochester Institute of Technology
ECCC,Skidmore College
ECCC,SUNY College at Oneonta
ECCC,SUNY College at Plattsburgh
ECCC,Syracuse University
ECCC,University at Buffalo
ECCC,University of Rochester
ECCC,US Military Academy
ECCC,Vassar College
MWCCC,Bowling Green State University
MWCCC,Case Western Reserve University
MWCCC,Kent State University
MWCCC,Miami University
MWCCC,Mount Vernon Nazarene University
MWCCC,Oberlin College
MWCCC,Ohio State University
MWCCC,Ohio University
MWCCC,University of Akron
MWCCC,University of Cincinnati
MWCCC,Xavier University
SCCCC,Oklahoma Baptist University
SCCCC,Oklahoma State University
SCCCC,University of Oklahoma
NWCCC,Central Oregon Community College
NWCCC,Oregon State University
NWCCC,Portland Community College
NWCCC,Portland State University
NWCCC,University of Oregon
NWCCC,University of Portland
NWCCC,Willamette University
ECCC,Bloomsburg University
ECCC,Bucknell University
ECCC,Carnegie Mellon University
ECCC,DeSales University
ECCC,Dickinson College
ECCC,Drexel University
ECCC,Franklin and Marshall College
ECCC,Indiana University of Pennsylvania
ECCC,Kutztown University of Pennsylvania
ECCC,Lehigh University
ECCC,Millersville University-Pennsylvania
ECCC,Shippensburg University of Pennsylvania
ECCC,Slippery Rock University
ECCC,Swarthmore College
ECCC,Temple University
ECCC,The Pennsylvania State University
ECCC,Thomas Jefferson University
ECCC,University of Pennsylvania
ECCC,University of Pittsburgh
ECCC,Villanova University
ECCC,York Career Institute
ECCC,Brown University
ECCC,Rhode Island School of Design
SECCC,Clemson University
SECCC,College of Charleston
SECCC,Furman University
SECCC,University of South Carolina-Columbia
SECCC,Cumberland University
SECCC,East Tennessee State University
SECCC,King College
SECCC,Milligan College
SECCC,University of Tennessee-Chattanooga
SECCC,University of Tennessee-Knoxville
SECCC,Vanderbilt University
SCCCC,Amarillo College
SCCCC,Baylor University
SCCCC,Midwestern State University
SCCCC,Rice University
SCCCC,Southern Methodist University
SCCCC,Stephen F Austin State University
SCCCC,Texas A&M University
SCCCC,Texas Christian University
SCCCC,Texas State University-San Marcos
SCCCC,Texas Tech University
SCCCC,Trinity University
SCCCC,University of Houston
SCCCC,University of North Texas
SCCCC,University of Texas-Austin
SCCCC,University of Texas-Pan American
SCCCC,University of Texas-San Antonio
IMCCC,University of Utah
IMCCC,Utah State University
IMCCC,Utah Valley University
IMCCC,Weber State University
ACCC,Christopher Newport University
ACCC,College of William and Mary
ACCC,James Madison University
ACCC,University of Richmond
ACCC,University of Virginia
ACCC,Virginia Commonwealth University
ACCC,Virginia Polytechnic University
ECCC,Champlain College
ECCC,Landmark College
ECCC,Middlebury College
ECCC,Saint Michaels College
ECCC,University of Vermont
ECCC,Vermont Technical College
NWCCC,Central Washington University
NWCCC,Eastern Washington University
NWCCC,Gonzaga University
NWCCC,Pacific Lutheran University
NWCCC,Seattle Pacific University
NWCCC,University of Washington=Seattle
NWCCC,Washington State University
NWCCC,Western Washington University
NWCCC,Whatcom Community College
NWCCC,Whitman College
MWCCC,Marquette University
MWCCC,Ripon College
MWCCC,University of Wisconsin-Eau Claire
MWCCC,University of Wisconsin-Madison
MWCCC,University of Wisconsin-Milwaukee
MWCCC,University of Wisconsin-Platteville
MWCCC,University of Wisconsin-Sheboygan
MWCCC,University of Wisconsin-Stevens Point
MWCCC,University of Wisconsin-Stout
MWCCC,University of Wisconsin-Whitewater
ACCC,Fairmont State University
ACCC,Marshall University
ACCC,West VIrginia University
ACCC,West Virginia Wesleyan College
RMCCC,University of Wyoming
